goal_x,goal_y,goal_angle,base_speed,base_ang_v,pos_tolerance,drive_forwards,goal_z,z_speed,z_accel,comment
0.279117735484,0.0300789504405,0.0,0.36,2.0,0.01,1,0.017696236550172422,55.300739219288815,2.2120295687715528,Starting position
0.3556981788282,-0.00754945499,-0.06485798699251832,0.1,0.5,0.01,1,0.11279581177079902,nan,nan,Position under carriage lever
0.47714025408399996,-0.0213199400923,-0.13218205714047082,nan,nan,nan,1,0.13871548944583656,nan,nan,Push lever up
0.476941814797,-0.021228093920499996,-0.6636229771742017,nan,nan,nan,1,0.13871548944583656,nan,nan,Rotate
0.42487025900099995,0.0196588338341,-0.14204638976277328,nan,nan,nan,0,0.13871548944583656,nan,nan,Back away and center in front of BP
0.54963988,0.005,-0.10875426716217129,nan,nan,nan,1,0.10692773973076185,nan,nan,Position linear below BP handle and drive into the BP
nan,nan,nan,nan,nan,nan,1,68692.0,nan,nan,Lift up BP
0.35243788257779995,0.027524967386840002,-0.11491947505125033,nan,nan,nan,1,0.1215589881104444,nan,nan,Pull back
